id,x1,x2
312,0.0326335341778068,0.4671292994350869
582,0.0390171170419643,0.3474837982857525
650,0.1250951131349247,0.1887556224044509
1341,0.0,0.7146410903554385
2746,0.3405589410880586,0.02607022430892
4131,0.1338637787085391,0.097218248925409
4441,0.3721577118585221,0.0
4484,0.0447994410146951,0.2086493264239351
4922,0.1927773245016145,0.085309566258889
