id,intLeft,intRight
251,0.0,0.0021111507875829333
251,0.0025053219842409344,0.014234110877064474
598,0.20850626776679612,0.9055277766719573
1592,0.998128428055702,1.0
2218,0.9055277766719573,0.998128428055702
3790,0.0,0.0022854253052324042
4667,0.0022854253052324042,0.20850626776679612
