id,x1,x2
251,0.2451066817131466,0.0006115652183512
598,0.0077922890980622,0.0040383011345349
1592,2.5132899215130067e-06,0.4223195444865046
2218,0.0006586118805308,0.0724154668529278
3790,0.4242444839994655,0.0001616401368768
4667,0.0189842717744734,0.0010899536723448
